{
   "DisplacementSensor": {
      "alphabetical_position": "top",
      "where": [
         500.0,
         0.0,
         0.0
      ],
      "data": [
         0.002380605915783261,
         0.000649945415847139
      ]
   },
   "DisplacementSensor2": {
      "alphabetical_position": "bottom",
      "where": [
         500.0,
         1000.0,
         0.0
      ],
      "data": [
         0.0023806059157828316,
         -0.0006499454158468808
      ]
   },
   "DisplacementSensor3": {
      "alphabetical_position": "top",
      "where": [
         1000.0,
         0.0,
         0.0
      ],
      "data": [
         0.004706526390558368,
         0.0006712570789511097
      ]
   },
   "DisplacementSensor4": {
      "alphabetical_position": "bottom",
      "where": [
         1000.0,
         1000.0,
         0.0
      ],
      "data": [
         0.004706526390557501,
         -0.0006712570789502043
      ]
   },
   "DisplacementSensor5": {
      "alphabetical_position": "top",
      "where": [
         1500.0,
         0.0,
         0.0
      ],
      "data": [
         0.0070818263098486175,
         0.0006660776462449721
      ]
   },
   "DisplacementSensor6": {
      "alphabetical_position": "bottom",
      "where": [
         1500.0,
         1000.0,
         0.0
      ],
      "data": [
         0.0070818263098473,
         -0.0006660776462429689
      ]
   },
   "DisplacementSensor7": {
      "alphabetical_position": "top",
      "where": [
         2000.0,
         0.0,
         0.0
      ],
      "data": [
         0.009461303275494218,
         0.0006652518261680927
      ]
   },
   "DisplacementSensor8": {
      "alphabetical_position": "bottom",
      "where": [
         2000.0,
         1000.0,
         0.0
      ],
      "data": [
         0.009461303275492413,
         -0.0006652518261645132
      ]
   },
   "DisplacementSensor9": {
      "alphabetical_position": "top",
      "where": [
         2500.0,
         0.0,
         0.0
      ],
      "data": [
         0.011840452091111692,
         0.0006652489827508038
      ]
   },
   "DisplacementSensor10": {
      "alphabetical_position": "bottom",
      "where": [
         2500.0,
         1000.0,
         0.0
      ],
      "data": [
         0.011840452091109389,
         -0.0006652489827451316
      ]
   },
   "DisplacementSensor11": {
      "alphabetical_position": "top",
      "where": [
         3000.0,
         0.0,
         0.0
      ],
      "data": [
         0.01421950606518765,
         0.0006652611169993629
      ]
   },
   "DisplacementSensor12": {
      "alphabetical_position": "bottom",
      "where": [
         3000.0,
         1000.0,
         0.0
      ],
      "data": [
         0.014219506065184928,
         -0.0006652611169911047
      ]
   },
   "DisplacementSensor13": {
      "alphabetical_position": "top",
      "where": [
         3500.0,
         0.0,
         0.0
      ],
      "data": [
         0.016598555706867996,
         0.0006652623450445302
      ]
   },
   "DisplacementSensor14": {
      "alphabetical_position": "bottom",
      "where": [
         3500.0,
         1000.0,
         0.0
      ],
      "data": [
         0.016598555706864918,
         -0.0006652623450332729
      ]
   },
   "DisplacementSensor15": {
      "alphabetical_position": "top",
      "where": [
         4000.0,
         0.0,
         0.0
      ],
      "data": [
         0.01897760635080122,
         0.0006652622826504529
      ]
   },
   "DisplacementSensor16": {
      "alphabetical_position": "bottom",
      "where": [
         4000.0,
         1000.0,
         0.0
      ],
      "data": [
         0.018977606350797916,
         -0.0006652622826359042
      ]
   },
   "DisplacementSensor17": {
      "alphabetical_position": "top",
      "where": [
         4500.0,
         0.0,
         0.0
      ],
      "data": [
         0.021356657157607484,
         0.0006652622581496317
      ]
   },
   "DisplacementSensor18": {
      "alphabetical_position": "bottom",
      "where": [
         4500.0,
         1000.0,
         0.0
      ],
      "data": [
         0.02135665715760403,
         -0.0006652622581316087
      ]
   },
   "DisplacementSensor19": {
      "alphabetical_position": "top",
      "where": [
         5000.0,
         0.0,
         0.0
      ],
      "data": [
         0.02373570796458557,
         0.0006652622556793924
      ]
   },
   "DisplacementSensor20": {
      "alphabetical_position": "bottom",
      "where": [
         5000.0,
         1000.0,
         0.0
      ],
      "data": [
         0.023735707964582076,
         -0.0006652622556578306
      ]
   },
   "DisplacementSensor21": {
      "alphabetical_position": "right",
      "where": [
         5000.0,
         200.0,
         0.0
      ],
      "data": [
         0.02373570796557984,
         0.00039915735303506367
      ]
   },
   "DisplacementSensor22": {
      "alphabetical_position": "right",
      "where": [
         5000.0,
         400.0,
         0.0
      ],
      "data": [
         0.023735707966482382,
         0.00013305245091397157
      ]
   },
   "DisplacementSensor23": {
      "alphabetical_position": "right",
      "where": [
         5000.0,
         600.0,
         0.0
      ],
      "data": [
         0.0237357079664817,
         -0.0001330524508924274
      ]
   },
   "DisplacementSensor24": {
      "alphabetical_position": "right",
      "where": [
         5000.0,
         800.0,
         0.0
      ],
      "data": [
         0.02373570796557777,
         -0.0003991573530134937
      ]
   }
}