{
   "DisplacementSensor": {
      "alphabetical_position": "top",
      "where": [
         60.0,
         0.0,
         0.0
      ],
      "data": [
         0.00033922483055794604,
         0.0001724754919998949
      ]
   },
   "DisplacementSensor2": {
      "alphabetical_position": "bottom",
      "where": [
         60.0,
         1000.0,
         0.0
      ],
      "data": [
         0.00033922483055774764,
         -0.00017247549199979093
      ]
   },
   "DisplacementSensor3": {
      "alphabetical_position": "top",
      "where": [
         120.0,
         0.0,
         0.0
      ],
      "data": [
         0.0006579980402096024,
         0.00031479736460160424
      ]
   },
   "DisplacementSensor4": {
      "alphabetical_position": "bottom",
      "where": [
         120.0,
         1000.0,
         0.0
      ],
      "data": [
         0.0006579980402092152,
         -0.00031479736460139824
      ]
   },
   "DisplacementSensor5": {
      "alphabetical_position": "top",
      "where": [
         180.0,
         0.0,
         0.0
      ],
      "data": [
         0.0009358680080486788,
         0.00039681199840694236
      ]
   },
   "DisplacementSensor6": {
      "alphabetical_position": "bottom",
      "where": [
         180.0,
         1000.0,
         0.0
      ],
      "data": [
         0.0009358680080481237,
         -0.0003968119984066388
      ]
   },
   "DisplacementSensor7": {
      "alphabetical_position": "top",
      "where": [
         240.0,
         0.0,
         0.0
      ],
      "data": [
         0.0012058455439926772,
         0.00045741490884317434
      ]
   },
   "DisplacementSensor8": {
      "alphabetical_position": "bottom",
      "where": [
         240.0,
         1000.0,
         0.0
      ],
      "data": [
         0.0012058455439919599,
         -0.0004574149088427556
      ]
   },
   "DisplacementSensor9": {
      "alphabetical_position": "top",
      "where": [
         300.0,
         0.0,
         0.0
      ],
      "data": [
         0.0014718768639891357,
         0.0005073119575948529
      ]
   },
   "DisplacementSensor10": {
      "alphabetical_position": "bottom",
      "where": [
         300.0,
         1000.0,
         0.0
      ],
      "data": [
         0.0014718768639882603,
         -0.0005073119575943109
      ]
   },
   "DisplacementSensor11": {
      "alphabetical_position": "right",
      "where": [
         5000.0,
         200.0,
         0.0
      ],
      "data": [
         0.02353001149849141,
         0.000356661196791165
      ]
   },
   "DisplacementSensor12": {
      "alphabetical_position": "right",
      "where": [
         5000.0,
         400.0,
         0.0
      ],
      "data": [
         0.023530011499299234,
         0.00011888706551315729
      ]
   },
   "DisplacementSensor13": {
      "alphabetical_position": "right",
      "where": [
         5000.0,
         600.0,
         0.0
      ],
      "data": [
         0.02353001149929858,
         -0.00011888706548238314
      ]
   },
   "DisplacementSensor14": {
      "alphabetical_position": "right",
      "where": [
         5000.0,
         800.0,
         0.0
      ],
      "data": [
         0.023530011498489642,
         -0.0003566611967604264
      ]
   }
}