{
   "DisplacementSensor": {
      "alphabetical_position": "top",
      "where": [
         0.2,
         0.0,
         0.0
      ],
      "data": [
         -0.0011342569026280976,
         -0.004743420520855031
      ]
   },
   "DisplacementSensor2": {
      "alphabetical_position": "bottom",
      "where": [
         0.2,
         0.05,
         0.0
      ],
      "data": [
         0.0011342569026282405,
         -0.004743420520855041
      ]
   },
   "DisplacementSensor3": {
      "alphabetical_position": "top",
      "where": [
         0.4,
         0.0,
         0.0
      ],
      "data": [
         -0.0020018398272750202,
         -0.017494525337425657
      ]
   },
   "DisplacementSensor4": {
      "alphabetical_position": "bottom",
      "where": [
         0.4,
         0.05,
         0.0
      ],
      "data": [
         0.0020018398272736346,
         -0.01749452533742336
      ]
   },
   "DisplacementSensor5": {
      "alphabetical_position": "top",
      "where": [
         0.6,
         0.0,
         0.0
      ],
      "data": [
         -0.0025983046133071243,
         -0.03610183135385752
      ]
   },
   "DisplacementSensor6": {
      "alphabetical_position": "bottom",
      "where": [
         0.6,
         0.05,
         0.0
      ],
      "data": [
         0.002598304609954401,
         -0.03610183135588304
      ]
   },
   "DisplacementSensor7": {
      "alphabetical_position": "top",
      "where": [
         0.8,
         0.0,
         0.0
      ],
      "data": [
         -0.0029236475309370137,
         -0.058396371290836135
      ]
   },
   "DisplacementSensor8": {
      "alphabetical_position": "bottom",
      "where": [
         0.8,
         0.05,
         0.0
      ],
      "data": [
         0.0029236530290105613,
         -0.058396375140698474
      ]
   },
   "DisplacementSensor9": {
      "alphabetical_position": "top",
      "where": [
         1.0,
         0.0,
         0.0
      ],
      "data": [
         -0.002991162516013985,
         -0.08221473215267437
      ]
   },
   "DisplacementSensor10": {
      "alphabetical_position": "bottom",
      "where": [
         1.0,
         0.05,
         0.0
      ],
      "data": [
         0.002991703399683144,
         -0.08221413242395215
      ]
   },
   "DisplacementSensor11": {
      "alphabetical_position": "right",
      "where": [
         1.0,
         0.01,
         0.0
      ],
      "data": [
         -0.0017944684459981345,
         -0.08221472799324096
      ]
   },
   "DisplacementSensor12": {
      "alphabetical_position": "right",
      "where": [
         1.0,
         0.02,
         0.0
      ],
      "data": [
         -0.0005977352376935257,
         -0.08221467291181117
      ]
   },
   "DisplacementSensor13": {
      "alphabetical_position": "right",
      "where": [
         1.0,
         0.030000000000000006,
         0.0
      ],
      "data": [
         0.0005989421469788067,
         -0.08221456431107287
      ]
   },
   "DisplacementSensor14": {
      "alphabetical_position": "right",
      "where": [
         1.0,
         0.04,
         0.0
      ],
      "data": [
         0.0017954689709878426,
         -0.08221438935012138
      ]
   }
}