{
   "DisplacementSensor": {
      "alphabetical_position": "top",
      "where": [
         500.0,
         0.0,
         0.0
      ],
      "data": [
         0.00235485883100262,
         0.0006292430458510797
      ]
   },
   "DisplacementSensor2": {
      "alphabetical_position": "bottom",
      "where": [
         500.0,
         1000.0,
         0.0
      ],
      "data": [
         0.002354858831002915,
         -0.0006292430458513614
      ]
   },
   "DisplacementSensor3": {
      "alphabetical_position": "top",
      "where": [
         1000.0,
         0.0,
         0.0
      ],
      "data": [
         0.0046556695863100754,
         0.0006499569183021543
      ]
   },
   "DisplacementSensor4": {
      "alphabetical_position": "bottom",
      "where": [
         1000.0,
         1000.0,
         0.0
      ],
      "data": [
         0.004655669586310529,
         -0.0006499569183029158
      ]
   },
   "DisplacementSensor5": {
      "alphabetical_position": "top",
      "where": [
         1500.0,
         0.0,
         0.0
      ],
      "data": [
         0.007004318055007939,
         0.0006449421890218738
      ]
   },
   "DisplacementSensor6": {
      "alphabetical_position": "bottom",
      "where": [
         1500.0,
         1000.0,
         0.0
      ],
      "data": [
         0.0070043180550084325,
         -0.0006449421890232111
      ]
   },
   "DisplacementSensor7": {
      "alphabetical_position": "top",
      "where": [
         2000.0,
         0.0,
         0.0
      ],
      "data": [
         0.009357018048936395,
         0.0006441417107161306
      ]
   },
   "DisplacementSensor8": {
      "alphabetical_position": "bottom",
      "where": [
         2000.0,
         1000.0,
         0.0
      ],
      "data": [
         0.009357018048936796,
         -0.0006441417107180378
      ]
   },
   "DisplacementSensor9": {
      "alphabetical_position": "top",
      "where": [
         2500.0,
         0.0,
         0.0
      ],
      "data": [
         0.011709400469011005,
         0.000644138902255476
      ]
   },
   "DisplacementSensor10": {
      "alphabetical_position": "bottom",
      "where": [
         2500.0,
         1000.0,
         0.0
      ],
      "data": [
         0.011709400469011163,
         -0.0006441389022577819
      ]
   },
   "DisplacementSensor11": {
      "alphabetical_position": "top",
      "where": [
         3000.0,
         0.0,
         0.0
      ],
      "data": [
         0.014061690989559866,
         0.0006441506580339721
      ]
   },
   "DisplacementSensor12": {
      "alphabetical_position": "bottom",
      "where": [
         3000.0,
         1000.0,
         0.0
      ],
      "data": [
         0.01406169098955976,
         -0.0006441506580363633
      ]
   },
   "DisplacementSensor13": {
      "alphabetical_position": "top",
      "where": [
         3500.0,
         0.0,
         0.0
      ],
      "data": [
         0.016413977310441703,
         0.000644151847970241
      ]
   },
   "DisplacementSensor14": {
      "alphabetical_position": "bottom",
      "where": [
         3500.0,
         1000.0,
         0.0
      ],
      "data": [
         0.016413977310441266,
         -0.0006441518479724407
      ]
   },
   "DisplacementSensor15": {
      "alphabetical_position": "top",
      "where": [
         4000.0,
         0.0,
         0.0
      ],
      "data": [
         0.018766264602409627,
         0.0006441517874952617
      ]
   },
   "DisplacementSensor16": {
      "alphabetical_position": "bottom",
      "where": [
         4000.0,
         1000.0,
         0.0
      ],
      "data": [
         0.018766264602408846,
         -0.0006441517874968805
      ]
   },
   "DisplacementSensor17": {
      "alphabetical_position": "top",
      "where": [
         4500.0,
         0.0,
         0.0
      ],
      "data": [
         0.0211185520521595,
         0.0006441517637568027
      ]
   },
   "DisplacementSensor18": {
      "alphabetical_position": "bottom",
      "where": [
         4500.0,
         1000.0,
         0.0
      ],
      "data": [
         0.02111855205215852,
         -0.0006441517637575176
      ]
   },
   "DisplacementSensor19": {
      "alphabetical_position": "top",
      "where": [
         5000.0,
         0.0,
         0.0
      ],
      "data": [
         0.02347083950206659,
         0.0006441517613638857
      ]
   },
   "DisplacementSensor20": {
      "alphabetical_position": "bottom",
      "where": [
         5000.0,
         1000.0,
         0.0
      ],
      "data": [
         0.023470839502065622,
         -0.0006441517613636231
      ]
   },
   "DisplacementSensor21": {
      "alphabetical_position": "right",
      "where": [
         5000.0,
         200.0,
         0.0
      ],
      "data": [
         0.023470839503029896,
         0.00038649105645318624
      ]
   },
   "DisplacementSensor22": {
      "alphabetical_position": "right",
      "where": [
         5000.0,
         400.0,
         0.0
      ],
      "data": [
         0.02347083950390454,
         0.0001288303520494943
      ]
   },
   "DisplacementSensor23": {
      "alphabetical_position": "right",
      "where": [
         5000.0,
         600.0,
         0.0
      ],
      "data": [
         0.023470839503904342,
         -0.00012883035204922592
      ]
   },
   "DisplacementSensor24": {
      "alphabetical_position": "right",
      "where": [
         5000.0,
         800.0,
         0.0
      ],
      "data": [
         0.02347083950302932,
         -0.0003864910564529223
      ]
   }
}