{
   "DisplacementSensor": {
      "alphabetical_position": "top",
      "where": [
         500.0,
         0.0,
         0.0
      ],
      "data": [
         0.0023828221240366613,
         0.0006522408936873056
      ]
   },
   "DisplacementSensor2": {
      "alphabetical_position": "bottom",
      "where": [
         500.0,
         1000.0,
         0.0
      ],
      "data": [
         0.0023828221240384515,
         -0.000652240893688593
      ]
   },
   "DisplacementSensor3": {
      "alphabetical_position": "top",
      "where": [
         1000.0,
         0.0,
         0.0
      ],
      "data": [
         0.004710905137471744,
         0.0006736176403084862
      ]
   },
   "DisplacementSensor4": {
      "alphabetical_position": "bottom",
      "where": [
         1000.0,
         1000.0,
         0.0
      ],
      "data": [
         0.0047109051374750605,
         -0.0006736176403125323
      ]
   },
   "DisplacementSensor5": {
      "alphabetical_position": "top",
      "where": [
         1500.0,
         0.0,
         0.0
      ],
      "data": [
         0.007088538082644478,
         0.0006684199493439473
      ]
   },
   "DisplacementSensor6": {
      "alphabetical_position": "bottom",
      "where": [
         1500.0,
         1000.0,
         0.0
      ],
      "data": [
         0.007088538082649039,
         -0.0006684199493521575
      ]
   },
   "DisplacementSensor7": {
      "alphabetical_position": "top",
      "where": [
         2000.0,
         0.0,
         0.0
      ],
      "data": [
         0.00947036188426252,
         0.0006675913329643802
      ]
   },
   "DisplacementSensor8": {
      "alphabetical_position": "bottom",
      "where": [
         2000.0,
         1000.0,
         0.0
      ],
      "data": [
         0.009470361884268079,
         -0.0006675913329778945
      ]
   },
   "DisplacementSensor9": {
      "alphabetical_position": "top",
      "where": [
         2500.0,
         0.0,
         0.0
      ],
      "data": [
         0.011851856361790869,
         0.0006675884863765346
      ]
   },
   "DisplacementSensor10": {
      "alphabetical_position": "bottom",
      "where": [
         2500.0,
         1000.0,
         0.0
      ],
      "data": [
         0.011851856361797149,
         -0.0006675884863962172
      ]
   },
   "DisplacementSensor11": {
      "alphabetical_position": "top",
      "where": [
         3000.0,
         0.0,
         0.0
      ],
      "data": [
         0.014233255672661217,
         0.0006676006624701866
      ]
   },
   "DisplacementSensor12": {
      "alphabetical_position": "bottom",
      "where": [
         3000.0,
         1000.0,
         0.0
      ],
      "data": [
         0.014233255672667866,
         -0.0006676006624965406
      ]
   },
   "DisplacementSensor13": {
      "alphabetical_position": "top",
      "where": [
         3500.0,
         0.0,
         0.0
      ],
      "data": [
         0.016614650636475332,
         0.0006676018947241756
      ]
   },
   "DisplacementSensor14": {
      "alphabetical_position": "bottom",
      "where": [
         3500.0,
         1000.0,
         0.0
      ],
      "data": [
         0.01661465063648215,
         -0.0006676018947574486
      ]
   },
   "DisplacementSensor15": {
      "alphabetical_position": "top",
      "where": [
         4000.0,
         0.0,
         0.0
      ],
      "data": [
         0.01899604660598617,
         0.0006676018321133693
      ]
   },
   "DisplacementSensor16": {
      "alphabetical_position": "bottom",
      "where": [
         4000.0,
         1000.0,
         0.0
      ],
      "data": [
         0.018996046605993005,
         -0.0006676018321535299
      ]
   },
   "DisplacementSensor17": {
      "alphabetical_position": "top",
      "where": [
         4500.0,
         0.0,
         0.0
      ],
      "data": [
         0.021377442738933498,
         0.0006676018075229461
      ]
   },
   "DisplacementSensor18": {
      "alphabetical_position": "bottom",
      "where": [
         4500.0,
         1000.0,
         0.0
      ],
      "data": [
         0.021377442738940298,
         -0.0006676018075699147
      ]
   },
   "DisplacementSensor19": {
      "alphabetical_position": "top",
      "where": [
         5000.0,
         0.0,
         0.0
      ],
      "data": [
         0.02375883887205443,
         0.0006676018050387801
      ]
   },
   "DisplacementSensor20": {
      "alphabetical_position": "bottom",
      "where": [
         5000.0,
         1000.0,
         0.0
      ],
      "data": [
         0.02375883887206125,
         -0.000667601805092539
      ]
   },
   "DisplacementSensor21": {
      "alphabetical_position": "right",
      "where": [
         5000.0,
         200.0,
         0.0
      ],
      "data": [
         0.02375883887305429,
         0.00040056108263431916
      ]
   },
   "DisplacementSensor22": {
      "alphabetical_position": "right",
      "where": [
         5000.0,
         400.0,
         0.0
      ],
      "data": [
         0.023758838873962077,
         0.00013352036075494069
      ]
   },
   "DisplacementSensor23": {
      "alphabetical_position": "right",
      "where": [
         5000.0,
         600.0,
         0.0
      ],
      "data": [
         0.023758838873963413,
         -0.00013352036080870142
      ]
   },
   "DisplacementSensor24": {
      "alphabetical_position": "right",
      "where": [
         5000.0,
         800.0,
         0.0
      ],
      "data": [
         0.023758838873058394,
         -0.00040056108268809234
      ]
   }
}